{
    "images": [
        {
            "id": "{879d7cc5-685c-4bf8-adc6-91b273d057f5}",
            "name": "button_start",
            "type": "RGB"
        },
        {
            "id": "{a4902eb8-a7a9-41aa-9396-32e07579cd37}",
            "name": "button_stop",
            "type": "RGB"
        },
        {
            "id": "{750e6cf8-87f7-4593-a470-c123f100275e}",
            "name": "flag_china",
            "type": "RGB"
        },
        {
            "id": "{94fd5510-677d-41d6-928c-c7aa2ab4bc12}",
            "name": "flag_spain",
            "type": "RGB"
        },
        {
            "id": "{62afed17-bc4e-4b2c-b5c5-dbb9e98fe2c7}",
            "name": "flag_uk",
            "type": "RGB"
        }
    ],
    "paths": [
    ]
}
